{"cameraMode":{"drawMode":0,"name":"Shaded","section":"Shading Mode"},"sceneLighting":false,"audioPlay":false,"sceneViewState":{"showFog":true,"showMaterialUpdate":false,"showSkybox":true,"showFlares":true,"showImageEffects":true,"showParticleSystems":true},"in2DMode":false,"pivot":{"x":38.062042236328128,"y":12.068225860595704,"z":187.40931701660157},"rotation":{"x":-0.02518828772008419,"y":-0.03838130459189415,"z":0.0009666533442214131,"w":-0.9989451766014099},"size":845.7930908203125,"orthographic":false}